address,count
0xc92A0A71122054F83c8fbdADE123385Aa259C779,120
0x93BA4aB2F32c1462A7e7603707F73FBBeA2AA698,75
0x81714b9d10d642F70b9b199c06054488101416aD,30
0x8d138c01765483cB79d787ce5933F609CbFDabcF,28
0x0C3d030eE625b3135Fdc9C1CE0598b51c37262ee,25
0x24F700BBa64905C97dD9F1cAc3DAcA8BA81f0285,23
0x3bc482b13EAf5C69D16a257584cF75b5Ea82604a,23
0x964b25d3FF75e9566063462262B2898D4d1B3Aa4,21
0x0087a081a9B430fd8f688c6ac5dD24421BfB060D,21
0x9895416fF4F860ccd206550DfD90D5757C706B5B,20
0x84641137BaC4Db68DE94Ec3D2ED89acE0AA88f20,20
0x8875a6B3E85fEbF1F4773CcA059A8c0C6DdA6485,20
0x99BC02c239025E431D5741cC1DbA8CE77fc51CE3,19
0xC7c022BD85529bEd1b92DE4Ba847F3f4e8fd5CbF,18
0x0Ddf1Db7d4e4eA20510682722F93E639baC6C036,18
0xf70A270c3b7a3454B046268271330715f715c684,17
0x42ccF4f456D7c7fEBF274242CACcD74AAa0a53d7,17
0x2b47C57A4c9Fc1649B43500f4c0cDa6cF29be278,16
0xAdE27dE7Fc771dB43e8761266c48018024b5E2d4,16
0x2D407dDb06311396fE14D4b49da5F0471447d45C,15
0xE882317349CBBFB3D2734935c0Eb10A25517ab1F,15
0x0Cec743b8CE4Ef8802cAc0e5df18a180ed8402A7,15
0x4Ab5E3F0b2d1604dD2002CfEcA6163802D74c6Cb,15
0x7BAFC0D5c5892f2041FD9F2415A7611042218e22,14
0x3ADb0a552e70CD6CA481B0EcaA19d32117419387,14
0x3055Bc8db0a3998500beF8bC0980f03f47f8a3D4,14
0x5f6DD98a74761939A55383EBf679e0617F7878fA,13
0x4A7489a3e94eFc8f4C4ee266ED297d3031f123A7,13
0xB25C5E8fA1E53eEb9bE3421C59F6A66B786ED77A,13
0x5C19f72f40a5C0e243553701aAC6825A4Cb38D2c,12
0x0cffcea7104b2242534a0b280c662ACb1de69adf,12
0x48f2bd7513da5Bb9F7BfD54Ea37c41650Fd5f3a3,12
0xef05A4dcB38843616d50fedd5275170dD7924b17,12
0xeBEdc29cB0720C742C30D7D727C8fAf1beF23974,12
0xBeAbbA5D6fD4bfe3767fd12803C7818250ac7bB7,12
0x75d4bdBf6593ed463e9625694272a0FF9a6D346F,12
0x166ed9f7A56053c7c4E77CB0C91a9E46bbC5e8b0,11
0x10d12277A6a6D24ea560859963AFD0e61Bc9D8Ba,11
0xB9b8EF61b7851276B0239757A039d54a23804CBb,11
0x8989859156070A1Bc64f8833DbbC19dC1Bd1A2b8,11
0x3753FA57980fd180655c281158E428Ca994d6dfA,10
0xD24FF5e32DE12be154B1C2eE7B731CBC45540E50,10
0xA186727FDAF90cD7d9972572E32C618Ce04206f8,10
0x64A35770c035Cde4163C3535D6FA5485B1C5b140,10
0x27AF2F76C801C50d6a3572Dc74Df89F5Fe54Fb62,10
0x885F12B525218Ca9377755F9a534CE230Ac5D2d8,10
0x05E2461c8c10138aEE241268f28dE6003D3DBAdB,9
0x2E0D63fFCB08eA20fF3AcDbB72dfEc97343885d2,9
0x8ca8D2CBc07eDF6512cadA0D2573C8F4802a1989,9
0xb7Cc55bA176E384aC91a3508C8b4578cdc19EE83,9
0x5aFb95CD2df70DcC4cA2bAA22D98bfC2cF4B971e,8
0x2992aE1837fd3E5722495d078b599E0b9C5B2Cb5,8
0xb941F9b7566E7108332a9eC187D222A1Cc05e422,8
0xEbDb626C95a25f4e304336b1adcAd0521a1Bdca1,8
0x7BfAf4C59aA4F011672b8e77789e1eb41abd654d,8
0x000001f568875F378Bf6d170B790967FE429C81A,8
0x084AEE7a5e39595bcCEB34E12451b1F13826af9B,7
0x4322AA46ffEd67809862Da613725728e2fb8eAe3,7
0x74DC3d7e4a813e5D5F399De94C6772B849656F4C,7
0x0722692DeB9c7b0B910C75e7d07C25A0CE920Fe2,7
0xD0d56D9B522677605Af6AE771203d3216916304D,7
0xa7888F85BD76deeF3Bd03d4DbCF57765a49883b3,7
0x08D5Bd85e9CD8AB2D970995EB1357065fF12AE48,7
0x4975C0829DeEa96DdEF21BB5479799b7b2EE62Ed,7
0xCFFE08BDf20918007f8Ab268C32f8756494fC8D8,7
0x6CB13B534E14d0906ff6113f27714AecfA286C25,7
0xed6b3dc95E6E41156cde61A206668935d7e958a4,7
0x1F427A6FCdb95A7393C58552093e10A932890FA8,7
0x32C8d674e5012e2c2f1fCd82eC650635d137c5c6,7
0x9dcC35aE915926F7f5E8c624254d91F755d55B71,6
0x030850ec149221BCE137c018c2c3259e7040704e,6
0x1C41D8667E815451c6EfC242367cd15F0a4564DD,6
0x08bf62CDAC411373a0217F4320769e54F55aaB5c,6
0x4e885cA3571919Ee52FC8Ff563fA66a74bB9f334,6
0x55D2cBE4ee7197D201826eD79a804a46dEfFAA22,6
0x81f9B40Dee106a4C5822aED7641D5C1e2B40F922,6
0x9fD9d986b564fBAa45eE3fB6dc035a63BfC77f18,6
0xB0dAfc466871c29662E5cbf4227322C96A8Ccbe9,6
0x83D7699518CF8c97A3C17589DE145d819fA41a3D,6
0x9029BDa6B68ad6856Ec46D98968273116f2C5452,6
0x4Dacd010e15e220bC6C5C3210d166505d2b6c63A,6
0x2154bBcE5bbf61F51de52daAd0D055dBA455f1A2,5
0xc3f17178311899B068d0E2C86253E087DAB5ba8f,5
0x91646c2c2fF05C4e9822740b0aD9d8B3DA51382b,5
0x720723842a049C8971624c1363B1E1Ce312694AC,5
0x2423B65C54bcf69633752C388185C431Da74DbBa,5
0x512fce9B07Ce64590849115EE6B32fd40eC0f5F3,5
0x1A82962771E0570EE8b3e1b6acDF6A035847ee94,5
0xCC3E0238aB75cE515e7Be86112C0F2386A672796,5
0x14E56Cf9e6257475F9B6310ADc98865Fc24D6504,5
0x3fa91aDfa4397688118B2d7dE72A4744E2BEDDc4,5
0x5A750962755e0f7D6dfbD3Fb343AAf24232Eda2d,5
0x454C8cb20881a1b624266b1DFC995E331fC2FccE,5
0xA84944735B66e957Fe385567dcc85975022Fe68A,5
0x87DeCF082d8a7722fccC959E50Bd2E2218b09e7C,5
0xE83ef0518C0838C30Ef663089A9Efb627Ab451Ff,5
0xf96D09c553db50EF8198eED965dF9E660133C23A,5
0x6977e753e022F65eBEb170d8267b2EA54a431523,5
0xFFC02940b6F297bB3aaca6D790f65C1d28E891F7,5
0x85670c918fd6A80bdc92202C59D20b6E0c01C7E9,5
0x66e1ac8CDF455B52B7e71E6A2F0c0F7d077aAD70,5
0xFcFA6885830f508f6eFb78bDfAd1e299CB56D022,5
0x5BfCD9Fe67A606A6B6756DB3db647ea166E91AA0,5
0x7463602B41a5e33c87875F7BEa24c7eA2FFa064A,5
0xD036d0c465d8361f7f778Cc9A958c1f4ad741615,5
0xe7449d1590d8F91bF9d79F845627EA3bEC840483,5
0x00535aEf587078EE9dD0f791eF9eF673F296eFEC,5
0xe2CEa50ba5a302A691B93692e74786D6484Db295,5
0xe7bab002A39f9672a1bD0E949d3128eeBd883575,5
0x5d4377C603d5B677d797Cb025e777e9b6B106EF0,4
0x6238E76f9F69ec587817EaeAF6C5402c5CC5fbB6,4
0xB15988b3dA502672C4E98C9Ac3348a17F0c3DC2E,4
0xdc54a3Dc8b8A6d143252326d0487B9988C8530BB,4
0x851EeE2ADF3b40c15B100DEdBaDE93DBEbE84219,4
0xa9eE9a1A42539DE87438F9D14cDAbcf32a46700B,4
0xa044EC5C5189d7B2eCc176753Bf9A9e1dDBC9D5F,4
0x8aB0fE3d61E372A0cAa2b2AcF6D1ffDeFD1c645A,4
0x94dF3873CdB0347028464204f7275049D0bBAC22,4
0x143d168e02522dd9F3F9678Df4De73B557aD0b40,4
0xd1914137f45F690D6A9531B84344bc1952aE0F66,4
0xce2dC79fd4B71279cCf3cd07DaE4aD1CE3729898,4
0xC5e0Fc863Cf3664C7f8AD1afCe781cc1d0f02Cd2,4
0x2A243F91Ff748DBdCF3e4a8B02eb874E96844E94,4
0xb9e344dF89cADdb0ed19128D16130fF943f32ba3,4
0x323794C012DF58d68843D745c75eA536D870c7DA,4
0x2EA92c2D57E5c3594C93bC999C03bb04210136bd,4
0x27b3B9E43F86077d4F37E26E2cF8A625676e3e2F,4
0xfE1Ab8EaA5E40c723706C62FF212607D256403e5,4
0x201b5Abfd44A8F9b75F0fE1BaE74CDaC7675E54B,4
0x6Cd68E8f04490Cd1A5A21cc97CC8BC15b47Dc9eb,4
0xfD8bC88749375c12FA0b36Fc564B5Cc797032306,4
0xED5847639328EDd38E7CE934442FF4eE8e714f7C,4
0x766337d18E12Df977b5F54516b2333e39E7dcB5a,4
0xF1fee38e82d24aB9FCd74af01ce6EC2b3e1e05C6,4
0x60e8b62C7Da32ff62fcd4Ab934B75d2d28FE7501,4
0x2bdCc2aEc5B13a8Dc3F0baE88059bEE2711B0757,4
0x5D452EbcdcFFCb19BEB7cf190911cDe3B538d278,4
0x76Fb1a0ebD7Da4e1Db53D147c7DFe8Eb0C9164F6,4
0xE943398DA56744435f094bc1478C203fB0045e20,4
0x54F35e5464222ddecE6e7230AC26fD51fA82f0f2,4
0x62d589BCAcCAA636827c5e0209468080ff4577B1,4
0x6b81870d33dd07509c698f5289A139e190bD8909,4
0x3912779A96bDE42eDa610c7ACB103CE624d7145A,4
0xBd2c1b24FB52d272c339E2a01496cc79EEB46726,4
0xAB0bc8E749F91b032aA0b909EdE779f27f6a2CaE,4
0x3D7849a51A2dA3B3B455ca6a6D604C902F82E7C2,4
0x8F9290aa8943987EfD92FB2F000692C24fB7bCC7,4
0xd675BEff625cA054DEaCAf6fb2cBfFe13ADB87Ba,4
0xC77FA6C05B4e472fEee7c0f9B20E70C5BF33a99B,4
0xd76Aa530b8C1F0039971Eca13ca1850047271aF0,4
0xA55E8f346a2E48045F0418AAe297aae166F614ce,4
0x5Db2d2a055466E0C5d4CF09869cF2E2CFc47b157,4
0xa20aC0958bB2258AB60750baa007EfC1805A1d4a,4
0x83E81d747529F0Eb6145b149C438aB7f9BBD651C,4
0x1CDb2C26a767BA197fdbBd9fA3488a6032811a7b,4
0xAf8A08DdAedd2378b8075f8B90CeE4b066Ae0DF7,4
0x42Dd6252b9be3Dad03220E8F730C300564d741a8,3
0xB28889b36039D7935f77C6353e445c3c94Db3809,3
0x8DEa9139b0E84d5CC2933072F5bA43c2b043F6DB,3
0x3A90e6740bC04127CE6432dd99503Ae2990d9a84,3
0xf7463e7335033586683Ac1f3DF3080a0B38BaBe9,3
0x03B09978214eBb7B0542ebE3aa0a442Dbd652AB3,3
0xBd4Eb0295468c80725017f74113F5AebBD6e8D12,3
0xfA508Abc6e344bf24E702Eee803731fae056a407,3
0x1aC5d648599B9767b1a1bd13eB8BF082B4C157c2,3
0x087A7AFB6975A2837453BE685EB6272576c0bC06,3
0x769b100C21cCC90Dc96ee15B1Ff888A446dbe4D9,3
0x204600c79f0Bd8696bFCEE13654F16703449145e,3
0xC77c6eAB64FB3986CEEae9a76081Dd2097EDcd0c,3
0x6a8b11e0c5B4B1f3dc559359CFC1fA0eF7ECB6EA,3
0xee35dECf05d10b38bd71D7C313d25166a142bfC3,3
0x704a7e5BAfAAC4E6F8755db171872D9035CBF09d,3
0x995F75C5d0c4602159d568c2BCeCe72C575A0fFF,3
0x5631628fee6c7A468c4b91C97c1c903875300f79,3
0x0499D821624288509Cad73b17f57cc528f066ca5,3
0xA335ADE338308B8e071Cf2c8F3cA5e50F6563C60,3
0x26D863eEF3B7302dCfeaEADea3A550bFC1fbF923,3
0x2E7296EBc57Fcf7c0b112D2a46062017bE2b1792,3
0xDF7fa906DA092cC30F868C5730c944F4D5431e17,3
0x5Fa8Fa0D0f3d45c997e5d31441f56A4f2881085d,3
0xc8E0345596D7196941E61D3aB607E57Fe61F85E7,3
0x8fd05381267eEf20d82536E93848E8a7801AAcF8,3
0x88CD459F0CCa96f4c1c6Cd26E1C77B76c23b77c1,3
0x921f80499A00aC6E95AAE0DAa411D338f41D5Da2,3
0x8806D2eD87398BEE00Bb044c882406ba8ead0d5A,3
0xf65c0432c4f740EF60a327714059F2d3dfBDb2B9,3
0xfEEAa6A2aE0D4a15e947AFC71DC249A29Dc2778d,3
0x019f4aD7eA31cfa55625094298EE34966d334C7f,3
0x81E076535885D2Bbb2A691E49fF654c430656051,3
0x94C840ff0DB97bCbD4058AbeD14Ba3721831b622,3
0xCFE76a690279BA023039bF5Ab4917AfB6aade49B,3
0x7F29129eE109A4DD8358EB723356520d4AAE05d0,3
0x5f8Fd99047265Af45071f40042DA15c1BD375B85,3
0xa0768b454fC4aE5FA7885CFCb379706Be6b1633B,3
0xE5DFBA8278FD04669841f51d523a7Fc6D44E5218,3
0xFaBB15b13c815431E35ebbdA760639eF6Db717B8,3
0x285b7EEa81a5B66B62e7276a24c1e0F83F7409c1,3
0x1E7127c81C8A58661a0811F026B6bE66533934bE,3
0x7ac34681F6aAeb691E150c43ee494177C0e2c183,3
0xF092d90f3880527699134f82Ba467c66136208BD,3
0x61c888e1AEB86420D7cCB15705Fa192D19FBf363,3
0x779e76758b5538084136132Bceb6a672caCDB726,3
0x092314c3c7AaB1F890facD3cEc28CB3a4295d67D,3
0xBd4d581a3912Ca3AFdde3aA515F22C1ab965dF99,3
0xd1f9eeBcd233E7A5D8BB0441e3F79fBF3CfD6f98,3
0xe49473c41b98ca7CB69EC79df4986590344397FC,3
0xAa9E20bAb58d013220D632874e9Fe44F8F971e4d,3
0x6639C089AdFbA8bb9968dA643C6BE208a70d6daA,3
0xC9928dA2Ad62C1047b9FF06D4dDB24945ebDde03,3
0x7ecd7beff90dE0661dB29C8C1B45E38dad730331,3
0x67D9057494e2E1B7361251043843Db3c2ABF8177,3
0x11980e4FBe1A84C81581D9beb62cB6EC65CE750B,3
0xFd660518dC1b52d9F67FAcd42bbBA962B06b8E54,3
0x78D8E8807F652B54AfE33B7645A26C5ffaE5291c,3
0x7B68B885367f411C1D7e7c036FEdB547129A77Bd,3
0x22eC37891864Bf4cD09Af861a73B682dE4a4be13,3
0xd0CD8ea7563CDc2bb8Ad6a6be2E5B5d56b80595A,3
0x9b4dA8243fCED2f6B0eA59c098Ccc6724f309EA0,3
0x692D690091bfa17d7c3D688413b8F34c474A757C,3
0x47ABbf1e4eA09644679E90C82CAE02Ae2240F084,3
0x26e2e8a24E867E5e96eA0c4913e659cDC8A97973,3
0xeE7840DAC7C3ec2cCDe49517fd3952e349997aB5,3
0x166B6770f7513ee4BE7a88f7C8d250E5E8BCbfAF,3
0xF40281A8Df0366AA6659eBDBDb950E5e4ff7cD59,3
0x16EC2AeA80863C1FB4e13440778D0c9967fC51cb,3
0x187ce8F1FF44E9267a8866E10F9b45dA5A99d647,3
0x4a0a0573B9d73D26b425e8fd3bf1b150b3f8A23B,3
0xD9cfab54f1234AeEA22B2818AB919866A2809c1C,3
0xeD75EbA841d999AFe91c6e9E399B9FD3c6Bacf14,3
0xD81eD022BBFe903f3e1BD75b7242a4CceBb3d6cd,3
0x896b94f4f27f12369698C302e2049cAe86936BbB,3
0x7d21D6f8e03746BeF7fB64710C1569505F76dC18,3
0x8D4828f91E3981d1BF7c8042BeD867b7eAF3D541,3
0x39B2BD7B6362f5282B98a3F5cF779e2b3457F82b,3
0x0A1ad77312D36459179ad622C2A8a6280CC79419,3
0x9490113B0ba1e014feFB68eF688359F58883d965,3
0x70887998fB4f5fdedD269003289083fa1581932a,3
0x0Eb21ed8543789C79bEd81D85b13eA31E7aC805b,3
0x9f001d6E8238f1b215A6d9b15a3254a8Cc1E0272,3
0x4e6803822506449EF20C214660c9731e3Bd79DB3,3
0x938FC906c21A8c58Fa3fEada9F565B5bb003C124,3
0x706e714e63eabaA8602C209ecc92943655E0C7b8,3
0xED66081dF3f42a5e3Ce388F93815Eff87462F1CE,3
0x5616d6C3DFEBdb6635dbcFb8230a7eFBD2e83e4a,3
0x57893e666BD15E886D74751B0879361A3383b57A,3
0xc6bb76D4Db067495f8b9b545E6e1CC9e550F3ff3,3
0x1de6EeC2c08830BbEC7884F1Fc6b502521Ae2e54,3
0x10031a8001D7ac0bf507CAd46fF5E835C339d89a,3
0xe4fb9ca52E39B83BE69E74E7Fac8f807A9c16eF9,3
0x64139e6fD19BEcf086A89dC9c5729383bc5eA63a,3
0xb9C83fe4b9CBFa91F0D8946FBA0De2670788aE42,3
0xc12A25DDBf1e05F2667A5f998C39A7A0c6b82b41,3
0x94B1C5026638D9F2e5dBebC5619db81E5AC44Ee1,3
0x87616fA850c87a78f307878f32D808dad8f4d401,3
0x6E6034545892b8d514b8e7859413333FaD43A0A8,3
0xbcE71F7891bf3d50DeC059E63DE8591675cF1454,3
0xeF8e26bCc5f0d49eabad131974Bd2D4Ed3782835,3
0x93f263bDa652E5061386284A7d3b6Ea0cDD27852,3
0xc1A3257aD792796b83f575664195d0B805E235Ed,3
0x146BAADE6ECc534394a26C5E22c431c1EeE0e3c7,3
0x36803EEF72A2b2c7d815B4E74b75fb5cC850E349,3
0xD2EC4724BAf1952de4718FbFD3EcBE95dC98fDBE,3
0x5299227765598896bd240220CE1810d7Cf126bEc,2
0x0C58663656Aa1A181cB841a92e7b2df24AA27b43,2
0x729FC2d1ed7B062A3F6723C2565932Fb4498a77D,2
0xf0d66807004b4080E02026b50DA1d3b214d2b4b6,2
0xdf488aaB7738e982D45a15E55C3A9A526D76E719,2
0x2e12ee84a1Fd7746B5b3c47424763A02132993e2,2
0x47325221333aC85d70bDbc07d6F19039552CDc4f,2
0x984F94c6CB3f10b9F226cA6F472D13271332e7F9,2
0xDa7FC7825Eba671c937D4Ec6517f66248caa8Ef2,2
0x789e3B871696E5E6f122C74da94A6397D27296e2,2
0xD00eA6dD0a76Acfc989bAC535579ED98435eE29c,2
0x15D3FfAc9B7D5dBbEE095910Db6380040222b99f,2
0x327AAA04D1cD5652a4819AB365d15837AeF333B2,2
0xf3B1B6e83Be4d55695f1D30ac3D307D9D5CA98ff,2
0x700CE029b0f9d89491321199908E6a46C38e8e9A,2
0x9731b1BA46Fad438D3cb960dD965e4D785e48A01,2
0x77fb4fa1ABA92576942aD34BC47834059b84e693,2
0x8064EebD2D1CcD4290924665eFc17c8F2da5bfC4,2
0x15E696e03cf87f23A2b864948eaB5595797ACA6a,2
0x14466d035Ed00533bA245E0E69C04Fa4ACa949e7,2
0x67fb85Ab148F2b73B61fa0dD287ADF3c7d0CA8EE,2
0xCC7CC2e94273e694998ba0B3C80306cf031aedB7,2
0xf5D97102DB3fBc26cE04e0f7C2603Ea8F79df5d8,2
0x69045E8EAf3A7C1DEe79D12C78Ab137E34F71ed7,2
0x63eAf0c0544c99d9DBDF550659Ef32d3664Aa567,2
0x07726d7e4ed80c8C64a8dd27e64F876Bd4225744,2
0x3d11511427DCbe2FE3Dcd7a172b8B5580Ad47416,2
0xD0E58BCE8dA637ee901e8D76EBf2A961F1B609a6,2
0x08D816526BdC9d077DD685Bd9FA49F58A5Ab8e48,2
0xcFd4E7B368A7363A6c65e855c66C8B6b4e9Db09f,2
0x325c2D1854ECEEc13BD8A6FEbAe584070d6f5E17,2
0xC80f256367bBE0DeA36840819c586B41f911d968,2
0x2492897E6138ae7E56D3d3ceB5AD76B801ec7d3f,2
0xC294edD2a5A901e3fCf1A6E6EADE8Bf1f9c81Ccc,2
0x29cEF0Fe6e1db4FeAf589FA3cc94553B96126b8E,2
0x56fb82cdF1Eba7d9d75a1c0961C49aB654B818c2,2
0x70e7A6621F4cB3c3E073D0539899F49fC88424C0,2
0x9DA423a15a87E145d9dAEF73F30A710cB4106BD2,2
0xCcAC7Ca73Ac0b892bd99B144f8A2bf36fa9fB58d,2
0xB0B0F09A99d8AD135a54487Aa327Ec899CD744F1,2
0xcFbD8a757Cc7691BF3E3E89D754D082630E7E415,2
0x7766473e4a783594aCB82536C8888604109D7F7e,2
0x7e4c3f2751A1dF8e2526cFf72133AbC0cf6A06e8,2
0xB0Ddf2333994fA9549C07B839Fb16fA51046D9e0,2
0x6c1D01b3ae9494ed72666B413409FC8D0D46ECe0,2
0xbA9366Ce37aa833eaB8f12d599977A16e470E34E,2
0xF29F6d2A2523c53fA1FCc97B9CB6a66d632cdda2,2
0x8400f6f843797361B3862D7881507bdA86b30084,2
0xE37B110fc5f8D53d77cC8d6e054Be57062324407,2
0x249E361933C95Eb0b13Ec15880D5B0De1B6424f7,2
0x0b13f13c0E99F24b96A835B787D1347B33d87776,2
0x1dF8991799298b02f2d6E92Ae1D66EF5D5e5a8D4,2
0x53DcAB65C53ba010E220d76B4e5D17472e1Cfe65,2
0xF968A5de2019dE1F0A8f53758dD137aE5C9EFbC9,2
0xd106d59E2bc967e1767749E5F635539Ff5416a72,2
0x84bC1fC6204b959470BF8A00d871ff8988a3914A,2
0x67428dB4518337Acf529b07B0B837B46fCFe0819,2
0x199efbFCCE43Fa755362E2c44c7e01e87cc35831,2
0xb9F43E250dadf6b61872307396AD1b8bEBa27bCD,2
0xB31466aa2246492293BD542ae10a06D68331bc13,2
0x86Da253817DC599059e3AD5A1F098F7b96aBf34c,2
0x6959754dDe646F5366A80cCE848daA606AEf7F16,2
0x4b9D53246eD18db31f26Fc59b6e47a9efC3C1213,2
0x32Dc2cdC78cDd824dB9Ad1006e8659dc2EA8d29e,2
0xa3129D0E49A8942b61edd72624FF621D90902a55,2
0x3562284915C74A8cAa56a0edc656f8a538d6CE68,2
0xd9C819752dEF1C636e894bE3FF9A18E6De09c7F8,2
0x000000026B746917fEfB1cF650ba6860A8Ff8fef,2
0x117DE12882ccAb517d493aAaF2E90fe97B364bd0,2
0xcC202930867769A83B61cf5053b65D1845E76Aea,2
0xf45f34330bd4DeDAc13824e15624D97FBb430183,2
0xB3b33aB13b1437c209634535b304b5659be16785,2
0x5e4A31a48098bC9e6bbc496c7f6F1f8418C496D8,2
0x7AFe134BAd08E70f3143c5212955239Ade95364d,2
0x8017Ff21bc4972d84a4dfFf2141517dAeFD0c256,2
0x380336041fEd6d3de0C0A1f5079668760CD64779,2
0x81aA6141923Ea42fCAa763d9857418224d9b025a,2
0x91408396Ca5DeF6F9812f769C975C93Bc8D762CF,2
0x84f764445555fBdE0209B00b32ed85B6cCC33263,2
0xca4aD39F872E89Ef23eABd5716363Fc22513E147,2
0x5cFeB45A15305F2A7b7D1E7bE542a179A9C2B201,2
0xDa28ddF14Ec309F3f506315Da623618F8D829F10,2
0x07C47D382183ADC21CD8d9aCF5905Fa799825444,2
0x7904aDB48351aF7b835Cb061316795d5226b7f1a,2
0x6C7de01cC27104709f6204cEb547ec0d33BeCCae,2
0x9ECd3F09F4C6d9Cf04728fC9DE4feEd87DfA4683,2
0xe0437191B5c2507A2a2c18b86F4a17f5e2bb4d29,2
0x1EF69826e4ec8Fd164D4837a5a5613c483F6d665,2
0xa2cB2c02fe9407FA5416f166019F7436c240337b,2
0x4E61e887c28F0720e54529CfBF8F204cC6A408b9,2
0x37f7Ff1864f5D5CBa2b63592656049F2D7D06FB4,2
0x1cbA5265adC2Ef75c196d61EBB41cfa62a59f6B8,2
0x6b4A4E3Ce8c95bF77FD31dcdE1e2e9c69aFdFCF0,2
0x14A03CA8740A0044E63d3Bb0432540d9509473d1,2
0x714E1e5876987F9707F4c0CbcA27A24A8fF1993A,2
0x00e13f97e1980126cbe90F21B9C1b853878031Dd,2
0xCf8fcb37b7E4Af7E2F79A6ff813B4d899Ae70bDc,2
0x05f9E07AFCcD4ea69310e316f4c5Ef81Ed3ED9c8,2
0xD4668D6D6cb365B58D6AB4931e6B8BBeB3411bE0,2
0x7A3f01Ad01979DaF089E5aeDD7d7E0825CDF2266,2
0xf69EA6646cf682262E84cd7c67133eac59cef07b,2
0xf64d3cCEd5c37da6dC737d3B19d254A3A668dF4e,2
0x3dc9c874fa91AB41DfA7A6b80aa02676E931aa9F,2
0xa4bc8e08F7Ba01043B2088040255036B57edaF91,2
0xE60f54049759A11D764756ece4D27815e990d92f,2
0x69E6717964273A4b031242BfcC904469ED7171dd,2
0xc61288821b4722Ce29249F0BA03b633F0bE46a5A,2
0xa56AEc9E811D5bDcAEead94903dC78791332B357,2
0xE23CD65ac0253f67Aa75666765E3350D14117866,2
0xBCa294543b46fF11CFAFbCF67434BEa23c21404b,2
0x86cc7Ad354441bAE1304F55C1F6df8ba98D44Af2,2
0xF8eC566Ff6a8dc90cD0cB45dBeff2665FD8F3029,2
0x477Ed32dBa1d62c5be558010F067007c436BBD4f,2
0x30Df16cd7D612C5B25bEb0331486b127a42Ac371,2
0x9cd5F86e1690DaA9167Ce702F30E8e83d4D9352E,2
0xa5437c9d2f62F79AE22B1DbD0a735feec7CEF6A7,2
0x6Bf97f2534be2242dDb3A29bfb24d498212DcdED,2
0x4bb402271667A25d31935d13Ff15D2a8f8d08456,2
0x04e1BC383685095e12Eddc56A2a1CF9dC2437925,2
0x60CEEf10f9dd4a5d7874f22F461048eA96f475f6,2
0x6E5622807DbC21c1CCEF93d8A8d0Ad50Ea5050Db,2
0x2951B1F7058bd2C05F01954002C450BaC0873847,2
0x7B640407513Bc16167ef3450FD6339803982e976,2
0x5fEf57EC758aBdA7c9Ca42F2C3Ae4101B0EE44FF,2
0x383ccca6d1983325eE15Bf7589F3919383c699a4,2
0x89B537D4E0dE035303Dc1BDae18394f7A6C15c36,2
0x714D8b5874b3a6a69f289f4e857F4C9670074296,2
0x7d4c4d5380Ca2F9C7A091bb622B80613da7Eae8C,2
0xA093e7F9fdbfBf4DCD1372F271bb51cb0884ca51,2
0x14cEE90aF8f4ad904EdE3650dBEB89E1F26144ab,2
0xe9945b3AcbDc2f9dcad8871F01aa9dabBb20d882,2
0x652D9F1Dc6032Eaa806351b6c2A9337C2dc5b245,2
0xa1b1A631c0c1dD4899deC7C343Ee59aD21867803,2
0x9766be27F6c266d283353e8F7453863fFCC1c39A,2
0x722E895A12d2A11BE99ed69dBc1FEdbB9F3Cd8fe,2
0xC7124130A46489F1027Da556537827Cb507396fD,2
0xF7D449280542666e941CF45C6eB9eCD4FA784221,2
0x5911C682dd3eBA36ad733148c476922eF3cCE5Fd,2
0x5a35455c3534fD0B652667e6a94a60E3e9A56546,2
0x295611934D70c0542C4311D466bE56Ed3A48De84,2
0x1a2f5508Bb3B9151Ee5c3bFBA2C7404626532AF1,2
0x599aeabF519932Db28f4812E113C9C102dea16b5,2
0xfCAD3475520fb54Fc95305A6549A79170DA8B7C0,2
0x4E066067fF091ce1783f03d1b8D40781BAAC184C,2
0x5F62c0a8c0d2Ef0a2Bd8a7F8E3d2A18BEBeBe5E8,2
0x28943316917199Be87A090E487Eb4795194A91a2,2
0xa59e113fbef3B4129bAef6b5355dFf683851aFA7,2
0x828920Ee37fcF523a920290Fb9e23B3386382497,2
0x928Fb06CfB8cB073E4339E842D6AEE37322240A0,2
0x4Cc5b8a073F883Ef1772ffAe1a3516f7010395B4,2
0x13a8553355C967aD688F08F7fCe4A9d4F06b2fa1,2
0x81cc01fbdA24f6e99A7fa8812BcBBF2A454ba612,2
0x31d173Ea66Fa8fBa38b3DDB798C1c1098f3AE8c5,2
0x0cA5a04835A805676F1221BD2EDb052195e6f90b,2
0x9E45e28522842265b6B0f534164fd73CD77993fd,2
0xF145F89042a4F1C2A0f5a2988451CE9Bfa0C310f,2
0x50b5EF5c0b2d65785e7A69A0e711C742B34B36e3,2
0xBBaCD7487b871CD34398197a544Eafa16E2493cd,2
0x8A116d53D0Ec4bE2BF5fD8bC9BD606fA30be4224,2
0x01E6b50557eF1a2ca58A621998aCe3f278E808B8,2
0x799d4Cb5a154b141a5A5735fE652D49E133ca42A,2
0x2B888954421b424C5D3D9Ce9bB67c9bD47537d12,2
0x2BFe66759f0331066F3E7D57b3DC9a96bfC17927,2
0x8688515028955734350067695939423222009623,2
0x5888B4F0a087A32182CE1A726102a830617338e9,2
0x89c38e78669E3F056C246343E6c61d2C92A3db61,2
0xf53cAB0C6F25f48F985d1e2c40E03FC7C1963364,2
0xA9C09f45b2bd1bbB3D7AC14506B7C9c9476A7649,2
0x19D5383b9dC8723659dF1cdC66cA1D2E69bF7b30,2
0x5815d8951967E202d9b5380Fed6C9F0a7FC71C5C,2
0x2C3cf96409AE51b021B035Fa4EE587393a8f67f0,2
0xa11F83cbb07FD0327415BD424b986132E009F643,2
0xe7c1a078a3FC66f77761ab0D3F4bED112A7f70b3,2
0x86494a5EB108CA2068a5bd55f617D430Bc6D5EBA,2
0xA970D175E16b74c868B9a25657DA9B2385DD1320,2
0x38dAEa6f17E4308b0Da9647dB9ca6D84a3A7E195,2
0xb69c2B724D774bA45295Aa1BEd29A976150218EB,2
0x024A71CDc65E6EAEE2383a4097c5B35c95e8F009,2
0x29C4dbC1a81d06c9AA2fAed93Bb8B4a78F3eabDb,2
0x6ab615CF8deCFc488186E54066Fc10589C9293A3,2
0x1e32a859d69dde58d03820F8f138C99B688D132F,2
0x8DD3a42CC35984D2254C6be1000e035C5ba7Ade3,2
0x819884634b84B3F9B71abde27AD1C599D8327176,2
0xD427ACae4DEa6410FC2faf769e08913C5Cd6328c,2
0xc9D483b27701A1299c09872b813BF9CB8251475A,2
0x6CF51FDeF74d02296017A1129086Ee9C3477DC01,2
0xcbcbAE14237D85944f9264240f30dEA981eeBe3b,2
0xeEEA827C89f0588d55A8380c13BE68A7af111238,2
0x217Ffa6ffB57F006CEf796e3E3601470e32A4cBa,2
0x1202fBA35cc425c07202BAA4b17fA9a37D2dBeBb,2
0x40415c1c0E7a8ff3E184b51A94a2Fc5B92Df9434,2
0x7545dBf11599BD7229114E34a32B1844Ed9fD1EE,2
0xaFd680FB78648298d13422dA8EB29199e72368EC,2
0xce4B87301aD7c336Ef2f1b822aD8Bd7e86249ebC,2
0xed0C82a6309566aBf5B8E21B8B68030eb4AC7ceC,2
0x0C8fB96bF3bC4E6007cFa52D4d9697acB8D346dF,2
0x1E3Fe690eeaCA1bC9DEde96ece39241cCD5DF640,2
0x8c1c2349a8FBF0Fb8f04600a27c88aA0129dbAaE,2
0xA3Bb281A4012c13b4563Ea62b6BF01DDCDF39D0A,2
0x67576aC21bb3A009A7a8a8609f0a22dC64eD644C,2
0x4dEE9375240B7e77B512fca825A08F391312116A,2
0x8Ee2D33DBea25420fe50522Bd2eB144b9A8D86Ca,2
0x9398364F3E916232D4089d843bE0bcEf852b2811,2
0x634cE16a321aEc641b32771D72EB9A31c9BD625B,2
0xF283ede9Aee038F226A620cA04b43131C60cace2,2
0xD30F2888E7928b52EA5bF4cb1D323e0531aFe272,1
0xD022AFF371F2b0647b90fdAC50746d26192C4e00,1
0xdAE8c7af7930047561bD7357908080531A6EfE3f,1
0x80040312D5B96eF9C459BDC68451aBA61eBFb7EF,1
0x173D0FDD71D442E35879B7Cf4ff4E966abd9d19C,1
0x86991eD295Fde505bC860c21Bb6EcfbFcD503a9b,1
0xD93E1404D732CfEA9F7d863C92Efe4e408857b7A,1
0x0a0A20cD66c43e7d788a341E8bbfCa89cB47B0f0,1
0x153F2FdE8dd32536337D8810F0245235Df86D394,1
0x6f8527A795C19cD367a6cB8CDFc51C57a3FBC818,1
0xc284A334Dfd7f95846eB8f8155eE3b08ACDF8583,1
0xe6B7858Dc96fC3b3a680C4d291553Cb1F1D1aDA4,1
0x8d2E185E860e5e2aa61bFA25A59380d91f27d75e,1
0x8115A772491Be30fcd4b00Af6182B78263607128,1
0x176B8c8DD7657A011fcAc694364e69cF011980e9,1
0x6DCcEdAC5dA6c5fA8cbD7E05e1cF24D9D08C52aa,1
0xBf8AD9dCAbA2936BE3FeC65d423e2029Ba07f35f,1
0xD273485Bdedeb856083DDe9A8b293aa556cf8178,1
0x5e27A2447b4f19064f0014D3De3bB0777f7b84c9,1
0xB28e2d5602280C42641471FAE46E8deF9458Ae60,1
0x0D46bda2Bb9165507C03d98cF0b809f10A831607,1
0x0029ABdBEa9a58b665fB490C6505Eb391318927A,1
0x26A89D6a6A9470ac84734658A795e66662DD4EBD,1
0xE345C5dAD42d1ffeda91c01aaC2C03af49597541,1
0xb85b8dA96b9153Ab94Fa0a17439E01cb729bF539,1
0x5A0225da07949b97cE80Da7c80feCCa52E21D36b,1
0xd53bB342Dcc659D51e5dc070386dF1D1C0f8d2D0,1
0x8d580C4B830E31C817C715e739Ba9ae2160E150a,1
0x23605990A938Cebf695C41f83628e02D92e4B27e,1
0xfA93c414267f0Bb41242ff82FD9a832891f41F1D,1
0xBd77d91baa57aA1ACaeE8f27BFc0AD00c9931C20,1
0xB6363510007733dA3d33F9395c037FfCb51Eb3DA,1
0x0D2A9B71a9e8fb0828701d972FD8cEc4CCa5560d,1
0x86D8DC427b4403fC533ec40ca507D5C14100AF24,1
0x58292DCcDb7609540B8520b60d448Fd8395740fd,1
0xc4Ed448E7D7bdD954e943954459017BE63584F69,1
0x086f0f5D2cec81f9fd69332A2aAc8872188FDd8D,1
0x2f605a73133E7f27d30B176De378f0D24638a137,1
0x66fCA1A92A8c783CcF1DB5C5884Ad7C7dF7B57F4,1
0x2416665568F872D2d85970e8ac7E14B7bE63D239,1
0xb78305ee2Daf4ac7321eAbf14Ad7bCDcD14d28C5,1
0x50a7fa1B39EeC9043de18E07703d2C857Cdc25F1,1
0xCAA089A2A37F950a91e2072e5692f56D28657fCD,1
0x1077011F38c120973238eF266Dd45edad4a78E99,1
0xCc031C2e41B59E41062592121F2b44c0Ee91886F,1
0x3Da767cf37B8eD100718E7623932f3A867538Fd8,1
0x5a2f9b6FBDf873Ec0EA6410059d8F9D50778FA22,1
0x5A2C4E2edFaA654cB1279951eDCcB58c201F6085,1
0x84aBD78727950Aa776f7939102f51Df6B166ab84,1
0xdba9648Ff976995bd31D9ee9a76d2A95813d6b6b,1
0xFaee372B8993E8E464DB888Dc3AEB0435e2ba0D0,1
0x5C7cf5A5DF5ca98e435e66fB0FC04A9bA883A8C4,1
0xbE0AffE00De6BbdB717d2C7Af7f9fEB45311320d,1
0x8564DfE89F25F6609Af4FFbd1a57767c0f1471fD,1
0x425d84E63E623d0aD74d324710e5D0C53656CA7a,1
0xbDd5f5AcDA3467724016e8F8f754633Ed2e940b0,1
0x7a1a6DDb2A0Dda63AA7Fe91Ba17c600F329433c3,1
0xF1984DD40cde6227Df2F0A503C8Bc9aa8380d87F,1
0x77B67Ab4F40054AC53FE637413E377832928199c,1
0x9F615eB8a55d8C23b2b5d38B16bD1c1B0fBC331A,1
0x8EEA1d4C3C6d29C2E2B312FB0e7d4c81aF87DfdE,1
0x4C0a466DF0628FE8699051b3Ac6506653191cc21,1
0x7A13BFC2f21809A0eC1c8f787DFA5136579EB6D1,1
0xE0c15e9Fe90d56472D8a43da5D3eF34ae955583C,1
0x284660456037BD9cC9b94d6B98C536E1Cee30d4c,1
0xe5e1e9c58DB4ECaB40fD46D7aC3578b74c1D0921,1
0xdE491215bC6546e785A277374a144950a1b51968,1
0x0eFa6252A87aB1693E97B6B7688F42eCacac37B2,1
0x7c846e2487a8b6ab7a4CEEc6a2073C5CE388e2fF,1
0x5a6ac3D9234d851d57Ab304240Eec8401072ddE0,1
0xF0c7ef0861D4F55368cBb7724EF61aEc198A8eFc,1
0xa940409938A3a708BDb756B03b29FB6Cc26c1a87,1
0xB635FA1A4E7F1f2edf5fBe4630040cb6db0B40af,1
0xC35e9b568ffC9Fa977765b3DDFC708F7175868A9,1
0xe085327c5AD2F77147F10973Fed45Fb19d734F7e,1
0xf42a339F93c1fA4c5D9ace33DB308A504E7B0bdE,1
0x6385AEae7C6A8Ab8213703783bf7630af10D83a2,1
0x1356Fc911032aE6EFa4905177cfFF028ae063ad7,1
0x73FF85bbBFf43251DC9f0cE07cF1A1B6138B956B,1
0x821372752c0a7D9Bfc7a78F11E4aAD3147A8db22,1
0xF44217A8b6b3f258BFFEaD635c226528aa516aea,1
0xC457749236328D6E27FC7441cC32f273D6AD05aD,1
0x9116BcFf11c1A15FF03Fdb0976D3De29b859E8F3,1
0x67aeb2ee91c7234488EBaed9229d3a58246D9638,1
0x5f350bF5feE8e254D6077f8661E9C7B83a30364e,1
0x3BE1295ed92A7EB7004A4263EE4910adBd289d4f,1
0xCe2db6c6F8908328d023Fa98A5EaCD42F6138944,1
0xB5fC9EEf8f391051ECfC1c7d71D617181A56539B,1
0x758c30D1b462575F0Bc1CD8FB0A0C8Cec002a6DF,1
0xC3746825f13c07Dcd7e6fDb9C0c80A9aFFb18952,1
0x98E9dB4FEafc72D177C77AED8ee97F4DF71EA681,1
0x459e03Ecbe6078F9981765b8E7dD2106C4E369DA,1
0x592234c63AC3c816B0485761BC00Fc1B932d18fd,1
0x813dA475A2f2336AE7d4D3279939CdFD13de2282,1
0xbbcBc8BbA8e8AC9db79C99c5bFE30c062E16e1da,1
0xddFb8404019da82Ed3ccE9Ee69C4cAa5B86B8601,1
0xe0057A40A3F1F9F2A8618baa9bDCAf85979E6527,1
0xd00c312Fb8a7686c05bF79425b345B2371e4Cc97,1
0x25B28EE7f335F0396f41f129039F1583345B21b8,1
0x3C57Ece6C13AA7946060690aBE03a4F7b90c4868,1
0x3E7E3830db5D75D1a75460AD04a8245404E8909E,1
0x433679D1909B6f79ed1782Ab97b9072245D242a6,1
0x8C384dB3ce4b6016c7930b4eBdDE6DAe6Eb8aCcC,1
0x99998044C990dAe1c8218c78F3470E14D5D491A2,1
0xc068859612520f94338dfE0932973A6c8a9bB82D,1
0x99eb33756a2eAa32f5964A747722c4b59e6aF351,1
0x7285502ED0A0Ed25F65941E480bda7114492acF9,1
0xf77e60088401D82E67b42E1F04eEf53308cf4a19,1
0x6317BA77Af3B202D29e85BDb8600194874648d54,1
0x609B0B38a741472F237AC68B3d57574BfAC62D42,1
0x04A0f10c0Dcfa5a4C060E5421f385c2A0E541a94,1
0x713282ECe7b1e34Bcb88c8f1922561A4EE369772,1
0xD789f9b8Fa81061dde5E12b9dAe54c7114B1dC03,1
0xcef2b9593a5952F276b2b70Eb363Ec1B935054b0,1
0x6d887c33722A74Ae873134c6727107E3552fee65,1
0x9FeCf056375A973308bB3D6fb6b1c230CfD21456,1
0x424411F75609375CDbeAD866A8e26615E8281802,1
0x0c2E9A64c9382BC2f99b092B3D0c3164375536D3,1
0x0411e650dFF0C6680C9e147f2413E0480718AA27,1
0xfe97B38192Cb30aDD0bBe5e01E6a617562CC8318,1
0xB57aaE22f8Ce7524cae1704Dcc68EFDeDf1A4b8d,1
0x5DF3B5E9D4c9d447D115D59e7111B809eaB0ED46,1
0x6f6B7FA2349D40E3aEc7CF198A6ec1321aC6FB29,1
0xC4610C560eFEc4A37ba9DFe1268Da37112cBbfe2,1
0xE18e779AE480092698c390e849C3ff48088047a1,1
0x69d235d4bB1FC571Ea1b3985fa4e631b255252b9,1
0x1016DC63C665ED1389Dc2c98B32A2Fd48cA4f254,1
0x75F9804edac97EaD7F2E26977CED2D818eD7fBDb,1
0xed95Dbbc066fd0A28038145f58F2c5944A185A69,1
0x82e8D509641fC143c628B5252c9F6f64243319Ad,1
0x9A2A3944A72d595AFB7C285A3777257eCfcD62B7,1
0x8A5a244B08678a7DE0605494fe4E76C552935d38,1
0xb83C10E1a1a713f60Ce847528D44F66aCC767f05,1
0xbCEb8A862CEA7c38aF633B641Ed0e6fdE23F0112,1
0x3B9EC87f24E26a2e3ab518C109cE05b136E6A775,1
0x99763524d43a2560FCf5836E105B713060aCff6B,1
0xDD7B952A2841bFC804A13110a787905DAD9535dD,1
0x8BA505564E421A12E3c99B3F9baAFadbbaC6957c,1
0x87Bb1f1723ac6c6B341a5Df432f5a852d49ad12D,1
0x037eea675C674079E3fE99530A474Cf55E533dc0,1
0x8847EBaaf29A18396e49191602f8d8D141b98aa7,1
0x900c8AD036918F698Fbb469825F584B1850b7158,1
0x38d1dFC5D7AbB5B32888499265DaD7786b10fA7d,1
0x32cb4d6093B854061c63C1D3f243347a45A17E0B,1
0xC47a1978fBDE5F1A453196DA88E471d0CAD3d6C4,1
0x18eCB1afd1caceDfCE0a36E283d3d1a90A7350fF,1
0x1A42DEd8c988dD9CF5aF3DC505511D53181F0a9B,1
0x9D7256B5201232cC7A5FE0322a09BeE9cafA53bB,1
0xD84962325c567bc4975E53142768F6DECe78b659,1
0x0f6B9A3D613b052CB17012ba760b40f6d39cc6f0,1
0xEf2EC50359b38a7a71f031e3C0B8c8421e7D62BF,1
0x19973eDb91bd3f1AcfF0d7394fe53815065bBdAa,1
0x3bc6420c6eEE45ad8Cb3290b5b2F34a8E6893464,1
0xBF33df64d595dedBEC17eaE129562E934f8cF567,1
0xcc490a5070C2f1E1a64570cC886dA9f069e190B7,1
0x70484215203CcBeDB80ffB36016E4e77C78252E3,1
0x8468c6Efa8ca7ffccB2C31D112e5e9331A469867,1
0x41d99f70fe069E8E16C00D827ff58d53EC43E12E,1
0xefb668801D0C257FFEbDaE1D0060515E6f5a8180,1
0x20786F71Bb42F2029D6ec3917A8e6772dcfC3569,1
0x02766E3d25BDA6badcD34d7BCEA5bF054990444A,1
0x13ebd3443fa5575F0Eb173e323D8419F7452CfB1,1
0xD1f9bE99d2312895913Da55d5Ff0347A55fd37d0,1
0x34BF52A78c19e1a4f7D6dDfc76665A45a87236C6,1
0x7e72500397dc243673e709CD7130de1F1Efb456F,1
0xA03C655F85F3CB01Ba7124118bc57d60eaa4E2fD,1
0x45eBC736090424b36106c4A29714B10bB19A5C72,1
0xf0AB3Aec33799d83a3DEABFb95B7a71f3A14F4ac,1
0xBb692870Ee921D168B51Df3f8fF01a4366b371e7,1
0x99522692280dFD00E2575061f6E1357Ef492bbC4,1
0xB32FC7B40a89e0547bD16664a57fcFCeECbeEeEC,1
0x694bCcB90d8aF7528b7F4Be66695e920aF466a10,1
0x4E79B9E54F84e17d82A81f711dDbbBB906FDD367,1
0x4b6DfFA4895610570330880cE370dD764cA67da0,1
0x0526efDf2Cc8BAF3f0b2fAce389284748E73AE15,1
0x798349E06c67272465123B91bd88C5d19b8c7878,1
0x3A12556cBe9Da741344b2545094454EA3dC4A01f,1
0x5CE4E83c76eB2b27426a67787B469033c8c5CA67,1
0xE74Ed6B9B268ECD478c01F76dc7DaFCA428dd359,1
0xFF79B76AdcAf2D31Bc58152d7e4De5509dC43A39,1
0x47b306c725FE30223663189701e1c336FEC2F520,1
0x43A7C48C82B5E04F44a1a25Ae6ff09c23877B61c,1
0x7A7886566a74788a63Aec5F6FE0CC56570B5D4A1,1
0x134C6e76EdF4Bfb728454916040B84DF8c792206,1
0xBf75adC8653d53fe1e5509A37F423942c60eC153,1
0x06A90b3269e5043482299FfC97d2F13ed00E14db,1
0x7500A4b73e84f6597474c262e328A45064257e4E,1
0xC73a01E10848881F3c4FbBcbd3252151204cf3FB,1
0x2C371D5C0B98370B1ca88231130fCc5ed2967666,1
0xc2956790F439E90F018Dac98B0058a1187dcDFdD,1
0xf6B6F07862A02C85628B3A9688beae07fEA9C863,1
0x64f8e38e19c1B6992969Dcd5769c149951018Af1,1
0x331fACcC525e1A984bfEF82d419C556eCc24946f,1
0x521CF86848E5a240232BbC6678AA4Aa89A28A43D,1
0x325d2353b3899F830C6b5792e20eA14d379E675b,1
0xb98B46c3626F5751D843117522C61E6E41D70331,1
0x83B5654564cAEe5c8E86a314B4E62330Db99Ce16,1
0x90ac47bA084c85c24391f55D389B8622c5db0987,1
0xddf543429e415a262E7617d76196621cb8375d20,1
0x6442c72aBD1a9d14c303277a8C994Fae295b6BCB,1
0x490AD648CF8c807E0F3600989483883268834E0A,1
0x3280A6c6Ad240061721045981d575812B2bfdf81,1
0xA00092733AB0a598026f839a83D6c16540A5f8ee,1
0x89621B037cdAF3629aB9aA6079Fc0Bd77DAB46fE,1
0x047C4d7Af709ae19D3BBbD5F9E10461d2554dA00,1
0x9376469e061F2370dcbB9600f8D5269183DB7441,1
0x9704f6BFBe242345a499037A7FA288faFd22081D,1
0x99721A9A4B42B8A6bee1d7f1f9E51D9AFa4C29Ac,1
0x3186E4e6A988Fb0aC66acAF80FCb3516C8fc0dc7,1
0xAd640188745Ff9a9FBbFd13a30E1Fc48c0B93761,1
0x049808d5EAA90a2665b9703d2246DDed34F1EB73,1
0xd9C45915A2BeB2632E9f2cAba2a3Adc47eA057eC,1
0x71FD35E25496Dd646ad9E274a6821a2D0CCcE7ed,1
0x999B0C6D3823B36331EA534ac0C547696c97Ad36,1
0xc95bdd29C8c552575Fa6c669d81074570e73599E,1
0x527d1c66917c91ACfafF873524F98249dEDeaF8F,1
0x8B291f8e02926fEB062c6Aa8822B1Fa4E64Eb3d5,1
0x63DaE0946A44eeeAD00C8B30ec206Fda63F7DFE1,1
0x1242a09776F6979B3D9a1c5C797fCEf7E80cB659,1
0x98D539aE90481E921fd9fb826500F2aF06337555,1
0x8B769ed05854Cf291b56932a2d33170B6C27af14,1
0x2468a0C24270B13544f3D2A34FDcb7fA6592622f,1
0x183B6267cb9F985A8AA7Fc912672A21d644a4102,1
0x1143ef4697e8c2b7748Ae345B355818e8BBe5a36,1
0x93b52eBcBa12cFE758f13285147dbc3b43a9896D,1
0xac0a9adae1c7D0A308b8Ef4FF77f171B87403206,1
0xDA65F3A1499c734683e04EC2735951d4e378Dbca,1
0xbb8eeB1b3494e123144Ce38E1aac8f7b96b5EfA5,1
0x3Ea19E4037D5Da90E96AFA9027eEb706c602cFD0,1
0x614D98a57A5D879D717152dE0690ed2b04562adE,1
0x3Eb4054da1Dbe73d3bf13eCC02Bf584a7288BCff,1
0xd29d0bAc7e2931A5B169EA5E6F3c38Cf15443D6a,1
0xEB6b51D158A5fDf67BA74d66DFE44B396E4e227D,1
0xEDcb09c4E7F5C903c08CfbB264C4d37BDbC2b56D,1
0x70b7Da07a9A3AD75A203a18De9DeF3c58c3702f2,1
0x037206ACaa8EE3da02e9abe429F51255476A64D6,1
0xBB70ED5b739b980891e84Ca67d135eef612a0EdB,1
0x37CF41AF78dBEfb5631A50483B0b311e33Df6388,1
0x4A136Ae1BC78a3b4E83303D4fAD2C5978F08D6d2,1
0x4532280A66a0c1c709f7e0c40B14b4dEA83253C1,1
0x7aEF2D7671EFb00A7196eb4BBd8eE7a2ba0e5de2,1
0x779E6C90b27F3702A755866f92897DA492A6d803,1
0x4572581Fc62D4477B9E11bb65eA8a1c306CbBa3D,1
0x20F9E5a17b00350F1EAF9Ad18Bc5be0D54c0bc3F,1
0xea23c259b637f72D80697D4A4D1302df9f64530B,1
0xCa9ba74eE20917211ef646AC51ACcc287F27538b,1
0x3F5da40E20C96a2E442ef6707cDB21f15EFC6723,1
0x01b424B9A90a6C31fc0919d76D5b2e196D06c40b,1
0xb7d49ADB031d6DBDF3E8e28F21C6Dd3b6f231cD5,1
0xa5331E8929b83E66E15b4F199f5cD78aE61C60f3,1
0xd30eB4f27aCac4d903a92A12a29f3fe758A6849c,1
0x41441caCd33778C0a781B9646F4640a95EE53A3D,1
0x1D0676ab90E684E9c70c96a8691c2c993eEc2dA8,1
0x912043c9DC6A2Bb5e3Fe477016901D8A4204925D,1
0x7D3447F3D8c21B1adb7359B2e51bbFF42eC9a32d,1
0xcA330b5F6F52051317a7d4F3A90493818d5230Eb,1
0xE7380b7BE1ed475dE78b07033A8ef4DfB10205a5,1
0x108f4F2C87089c55281c5747b4F503eF5Fded861,1
0xa277c67CA954582D6Da335B567acD73B02EBa6d6,1
0x5f370D192c2B86924FAEE4Acfe817c0AEF2Ca59E,1
0x000002114fc40119479F31B99C79e315F90cA527,1
0x8F45D77F7c0D8e4023eAb2A2e36C83667c6B0253,1
0xb4F967306E4a135039C14362A8994f4a85e630f3,1
0x5AD25D19638309907E5057B6f4Fcf9be899f9EB8,1
0x400aBc3DAE98Ec5aEEF2681b40D4CEd0A5aff934,1
0x006fCAAB1b6c0442f13A7e973C2313E75c30c95b,1
0xd56EE5Ba5A52e15f309108BDd6247C69B4F624C2,1
0x1bA12981833EC62721208F5E66f4201521F47339,1
0x488FFef5D637b533a7680a45e0699BF865151755,1
0x4eCb0C8eA80B8c42aC18C405E12880304Cbd7D70,1
0x847Eaa8E0a808305b00305DA61b875Dd2Ca3FbAc,1
0x61524303810f8bDD61aEf58af39355Aa353DeDd2,1
0x512E3Eb472D53Df71Db0252cb8dccD25cd05E9e9,1
0x15c548d23CFD084A526b905e21A2556294cf1d5b,1
0x87003967CF7CD4f82e6ae19d189CF4C283259663,1
0xd97a2f65F89F99CE03cA8F3fD2431D053d387E8f,1
0x3d4cB719da1C1E7604c5B41DD2Ed4F9EcEbdE059,1
0x9b616Ac1D31F17Be9B23560d93699cA7732e2808,1
0xc78A95019C52aD9856aA764D6908E88D5b7930eE,1
0x335147a6afcFE1136d9341c9a264F4A69616AD7a,1
0x7Ec97212811cF62152Ce59b5CE6CBf81EC437f25,1
0x719802dA35587B75f8C4ef03EfcfbFECA1800990,1
0x5029dDc9cB481fd57c020175e1d2448666807192,1
0x3058A0D5e8E1A7B15dbF13eb3d411ee3EFea70D9,1
0xeE61B0d50D96D4249aE0E12756eDC199BBB7D070,1
0xCB9613AE6C334944Ae7D99D0BD0FF6B4fe841D32,1
0x00c0798C0Df1e87069417E76b8Ca4fA089D051f1,1
0x8448F455FD23A7D347ADc630Fd3902443c34117C,1
0x7f18EbeE1ca176606AD2758c2Fd43d4b5fD708bC,1
0x0417926c1504f17892cff3B0D0FEeDA89C711fCE,1
0xbe6e23bA37Ba18610ccB843b914b4593dc54c2B3,1
0xAF1bff74708098dB603e48aaEbEC1BBAe03Dcf11,1
0xB4b6a076241C45E579246bBAC2baD516Ca3bf17F,1
0x993E456B9adD223382BE643d14Aa29b9A75cbEb2,1
0xe06EA9a4FcBB05e5b0e43298bF42BD631986C8Df,1
0x8F70b3aC45A6896532FB90B992D5B7827bA88d3C,1
0xA94b40c53432f0576E64873CE1CEAd1aae62Fc90,1
0xE487Ed5ec80ccA6e8A44F6D6f3f712088df8Ad4F,1
0x7AE7fceDc41cF924f97C10a93B9e2451EED476cA,1
0x65a7C3Cb6d1C3cEf361063C57936d9d4c9D7bCAB,1
0xD1DF1C40832ef19e8E1a015256bB0AE70dBac58f,1
0xFf2d091C4B6501761093C296c1Fc43a12160129d,1
0xC218D847a18E521Ae08F49F7c43882b6d1963c60,1
0xC1E42F862d202B4A0eD552c1145735EE088f6Ccf,1
0x9a18519A42490784e06E217045f7981e64ED449B,1
0x97F6B9d7B870226A7A51e9F2D5637C51e4d00537,1
0xD4d00a14D2d3181DBEBEAF062933D150e9bAFB27,1
0x4CF57d42B8aB8D7Bfa9Be1cdC35Ed84429cD2168,1
0x91609451B6a5775608787f3Da9501104935D3b25,1
0x40A6e795ba54E12B21264C416fE2918a537637f2,1
0xc2d0efB4a42e4d85dC9e020eaF2876FA65002e8B,1
0x95d34FaB697037De4d8B293778EAaDC81BfbFdF6,1
0x6524461F421b13aceAe4a925bF5E2E4BF96dD72d,1
0x78Ebe56BC138069557C89af35EB29023fF31Ae2c,1
0x2757475D4BDF2f01711579010B885d410f8Ed1C7,1
0x795076b0F5ceA89E45a493acd2721F330FD79B73,1
0x15965132f45bA869E3cd2e424EE3dDd9AB8D09f0,1
0x228c1334fc57Eb6E02EcC448E749a041124321c1,1
0x264E467841f02DC85e60d39E103BF1831243aC06,1
0xB527173aF8159ce1E17711d1619B4aaDA1484c45,1
0x78811a8c5943d5FD339986e5FfF079B07D8B3e93,1
0xA1eD93Bf44Ba35f1e8EBfB4d104A0e109337A5aa,1
0x6d4553323C45bCfdD087F79f97106B72318cB9b8,1
0xE120ed22A0cD12d5De6122aa7D5b6D93Ac218b49,1
0x4D767C1FF1f7AfC0f579D0c7EB7761f9f155cfF9,1
0x145ef8138e3ec920c4E2036a268f15DFEaCB58F3,1
0xE6e7A811aC96c93cd6b555C2aD4430121321f41B,1
0x5Da487Ea7278E25288fd4f0f9243e3Fa61bc7443,1
0xA92A40457E419c5EC245A646da09112cDcC6cfb6,1
0x02F593a1d286c54DB17EBA91B394Ad6b61d50f84,1
0x676F3D2c9f5776E09D23986Adc6684fb41e9000e,1
0x852eE519D3cD3a55bf16b9B500F04DEA598a1772,1
0x7496fd894f546898D49e9A79462c9d803dF68394,1
0x2dB3c0F42022FDC8dfE70036Fee85e48a24B88af,1
0xA6BBE529a1d19c1Eacf763297e70ABC11113620b,1
0xB12d314ef27F7e7B928C9d6c715aCfe7613D18ac,1
0x0B14307eC91297168CfBa36730e4D95618e698C7,1
0x3939d22aF089BdfbB96322744234F69dB1aB52F8,1
0x85dF0a08CfA80733b3fE0D929b8a763C9eaA9b92,1
0xC148De270B6aFCAAFE32792507D88a885ca3eD7A,1
0xA98220f6dC5DFcA27ff19605a0a6D3E1dDE4CFE8,1
0xe0C484C905da1488700270f8398419d8B84915B5,1
0x38C581D376af690f92E3a4f4af2CcD0576F9857e,1
0x610c92c70Eb55dFeAFe8970513D13771Da79f2e0,1
0x4f764a08c66251e13bdd85B4Bb0652B739736328,1
0x07E62AA7FdE60cEEBFCB72c49018EdE750F73532,1
0x59D5ad0598311023EDB7a2c840BbBAe2b4951D15,1
0xb878f50facfbcDD72840b921B2380707d229DEb9,1
0x5E820FB02A7Ae86477a52951FF9A98319bBf7c4F,1
0xaf80764E457D5bb531cc196A92169E202D0F2B2A,1
0xDacAA8EAb8Cfc102D2d8fb6420E205A8C85Cb3aa,1
0x5d6cA5d9838Ef551bf4c52b8A47B69B60694F1cC,1
0xe92A813F747dC64F52B78c55f5d5ad19b11Dfdc0,1
0x3EAE81f2387F4121BaCb1fF27480169121dcFC51,1
0x46015322832a58fA12e669a1ABffa4b63251EEe6,1
0xe62476c1C71Fc06E1d466feD950c17876193f4cc,1
0x81B55FBe66C5FFbb8468328E924AF96a84438F14,1
0x3F5dc27F361e328D0070fd705C85E76ec8EA3903,1
0xa9462C5d8f8Cc6633776FF18cBb80b94A63E7093,1
0x9A57bfa441d2d29dc19997B70C87c3398c2523ed,1
0x01b3310084090C2cd0Bb023913C70b3898B5e7a2,1
0xaFD0B1131F1a12C7ba707E391fdd1Ee67C34552b,1
0x4cBb1c3bF586Daa4D0165249161C4b188bd7Ec42,1
0x935D2fD458fdf41B6F7B62471f593797866a3Ce6,1
0x25d28685e149E105CfFfB1dc39b22aa2185ab361,1
0xCe71eC2Db82d10FE60F053CBb5009aCb171f3190,1
0x0DC1C59c74eaE4B4261a69C9Ff6297A68D52A710,1
0xEe9fc7Cc500AD6f1cd5aF36D184D3a6111c9775c,1
0x634118B21fbC1A53B0D7bcC2fcFa2E735a3B0200,1
0xaf2341F37361D5c7862B01bEA4769AddddABdbe1,1
0x61572ca1C6d53011e9B5318aa26dd285C7df6997,1
0xF5d90Ac6747CB3352F05BF61f48b991ACeaE28eB,1
0xaaf7A86f75A0f7602E6A663Eed01c67D8d98f54b,1
0x28aC9E4EECa87b5310Cb64fbE8Ff22F498Deae07,1
0x2252eF7D8Dc46c4a5587cf84f38A2c5c955a6E5C,1
0x75CaCe0BabA984F721F40443ce4aCB6Bb229a9B0,1
0xee1e33029C2104993E4536Be502990284e77080d,1
0x62B8E7CD3bCb904a0335Cf4b1E8D10013b5bEFca,1
0x538DeD4D0d461206AE8E0c021d5179D3a31D2b12,1
0x4442994Dc1852e67FD69532A15E4c76a8A1Eaa6a,1
0x99259430cE64F2718A5c5eA1ed5e2e5Cf673b100,1
0xEd24226381F5144562f0F50C69b7AbBAf5a2F093,1
0xcefE23368F82a29089dd6C62179eaC2e7413ce35,1
0xf69DCb70AD643C520e9c5EF96DcEb3262867EAEe,1
0xfC346690666B1F3e0b8FA729f94cCe64969eD074,1
0xC3DE4f9C763EC015DEB165D0A96FBAfA390286bc,1
0xaadb7CC8587cA5aE3e5c98B9e78F6024953C0Bd0,1
0x0B54B916E90b8f28ad21dA40638E0724132C9c93,1
0x9Ca2C56C0F876108A5ec1C518Baad5b86E651FB3,1
0x60446978DfBD2aa78172Fce6482829Df4a70378E,1
0x3314E3029b09786C66289956320039338934Fa00,1
0xA9Fb6355997aAe4A717d9bD15E60EdF26CF55c8A,1
0x7711A9a7Da504edF800Fe80f7E52A3aA33DAD07a,1
0xb2a0E8ffc16729A0aB621b2DE55E1406991b407e,1
0xc1aC1B51c4fdF8739E13846E7116846FfCAaf374,1
0xec6FA687EBc1025A24a70b7c5bF9a2B6772F3Ba1,1
0xcbBC5D06BE48B9B1D90A8E787B4d42bc4A3B74a8,1
0x444441E930f1335CB1c50702E0DBdd3B6E1E70B3,1
0xBEa645Da9c7f6De1f7E287759CcBFd5ab9f57C08,1
0x297b3C4B8bB87E671d31C475C5DbE434E24dFC1F,1
0xbFd7ddd26653A7706146895d6e314aF42f7B18D5,1
0xb2B05422f3D493FB5a01f277F5d2b9F06ba2A116,1
0x7B6441b66CEeE223ee1b52402199f0ECd6D500cd,1
0x01Ab2a5Faf8933C55bDd1e1f8dB5abDd22173Bf6,1
0x1B312Cc76b59a12d3223b26d6DFd72b89B506caE,1
0x4d9420dD602560FE45B725C6C8a5aC8cc8A99091,1
0x527E836E394c0EF0F2a54AEF491A86358D2aCD70,1
0x9B590df06a4bE7aa7cD1A0CdE72FA6c49abD6720,1
0x34e8A399063a051dde23AaE97506A3e417251191,1
0x476eF21bf2A28e59A3605d1854a1b0A4c87C5296,1
0x1361be487cb4Bcc54b199C1423666D82F9C6A1c3,1
0xEc4f93a158f27C3b3481f5754B0D9B1f3Cf366d2,1
0x01b9369cf8624E1f9960864c18411B4b07Eb91AC,1
0xC33e3272D29d0cD5A7371a3114080FFdC333E892,1
0x897258C8557e6205f7747b9cAe593dB334D8F5bf,1
0xAECce32486Bf8f657dD9AE4627048De1a72C41A5,1
0x72B35F891bBA1e76c93E8f265837F75A4599C11d,1
0x5e867FFb48C0a743bAb214748002c63cB0A23426,1
0xbcb4c8386c097589e7825aAeb9E7C6295835F1d6,1
0x9b3f49A186670194f625199B822FCbDFD3Feacf7,1
0x1efEd205cAeDe27dA1135cd37A4192861a51100e,1
0x7AD349837Cc647B344aab3CaEb298F7c3D68abAD,1
0xf7845cc3D24a511e15a0368871465f0dC5Ae4fB1,1
0x72eA986B93b63bc0e0d146b850003C2e6FF187aC,1
0xcf6F862111c4Fa10eF350189d23B825EaBffa7cF,1
0x726CDC837384a7Deb8bbea64beba2E7b4d7346c0,1
0x362B2Ce5cd32b8B7c381E064087c0214d3b8F174,1
0xB1D7b40289061F91582749B314389B23794E083d,1
0xBa48024b55F446a7E4acFF0F55eB10Cda464c2Fa,1
0x5CF24F62bCc2fAfA056C8d1429bC799400e285ab,1
0x642452Bd55591CD954B2987c70e7f2ccC71dE313,1
0xD799F16d365bD525e0Cb0ed625c499b220b70cA8,1
0x8f2FefDB486cAA9A58B9a12054a5388f0121f045,1
0x4444A136b1445B1f5e4a20656854adCF6Fa3d667,1
0x25B9f3Bf60c74a7041115Cf6Fac3Dc3715b2a8Ee,1
0xB0eB8B4003fDD74f3c7994fBE5fCE95aD10e3BCC,1
0xE15aa7f7de1f1bB51aED5d7C28BDcb59987f020A,1
0xCF75eCD3AFA095b0a4a8aB48cC2D2d427D317Cc9,1
0x93D020b0C5158939274235EE9E670eDb9612726e,1
0x8e3FAbF5A1E4B773C227d2646EB2470263D3a1bF,1
0x4900D8590380d73604d2f0c53EB6Bb013032c6Da,1
0xa6a2b356718faf8CcE70E78f06712f1Ce5917D04,1
0x2C3021bBBe1A8d50C200f9489B557377ebEcDF9a,1
0xDd19D3de67E0509C72F91A45176609C57EF72a80,1
0x90386491af160c384e8297A5289190D3a8d22A6f,1
0xCaF1A0E288965a7A64303A49d2A10E22414fA264,1
0xbF32356c1ea7A568fDd94bc2265bd046A651eD41,1
0x2d0Ed1A5D5cdA05e2E2AFe146879795eCe183483,1
0x6687c671980E65ebD722b9146Fc61e2471558dd6,1
0xDbb6a390123BE619102728f4DD14D2375801355A,1
0x786f7Da0E3B75Ca98709556A1eFe9820b4a301d2,1
0x97fC31117F7F252F99C696d4Cd24eFb91d30cac8,1
0x75f7A78BF1e7b9fa7Afd9D8F197656a8E79598a1,1
0xa82AE2645bA9B1c3f88FbCdbf9164300f001b74A,1
0xb184884563F7283Ef7704c7920DF5B1557Bd4249,1
0xc6C8AeCb1d9cA59A09d691cDa8539992655dbfB3,1
0x13020Ccaa0eDF74BD5d281dE6c8C571bf9142239,1
0x71A75825623F868B806936e25aF475535aAbbeD0,1
0xc1FD551F72220E89deF36DE9d59D32E766E609d8,1
0xE5442041Fd024bCc4bdFAa0a28AB941150Ef8637,1
0x6D6C2eFb35F7baeE1d159De78538bA296ea5E4B2,1
0xb6C990a81aD7198EDAe31905E386EDeEBd9e83C8,1
0xBBe846566F2172AdC9c0bCdCCf8D280Ad60dfa67,1
0xFaf878dCD715ae2eeffC33183B36a54D48061A16,1
0x461e76A4fE9f27605d4097A646837c32F1ccc31c,1
0x0A93f3372087FFec3934da8a0f2fE9961CEC5606,1
0x3AE8a332A51361aB6b9159529A1A007804F6F3B5,1
0x043c1272F536DdaAC6595d2e44ce26217CB3E86F,1
0x88FeF9A2559d35d14044e1222e5a50121b04a370,1
0xbd8a92E249090249c5fB2FF71e47B69fb650d3AF,1
0x13dd4C65252274A442428039Ae815F3a13e84Ff3,1
0x520304321Fa982f1Ecd8Df55C30C3066753927FE,1
0xE831C8903de820137c13681E78A5780afDdf7697,1
0x1bD9582F085B2F4575FFD53DD5c9Ea328A677191,1
0x8Cd9F9C08C6a3f891Bc570f1D6a3dc91C1F62Bb0,1
0xc42b8048764ca138aC55d04a1e1791e937589194,1
0x98229Be8F39E273fc1dd021687ff6D545583B94c,1
0x4dbFa749A3914511C4AC86D38fCcD4dba4d8D423,1
0x8E159D960C6C724f02c899F62198F9f0d7c261f5,1
0xCfCDd074DC974af94fA2b9d56b6A213c0D96EaF9,1
0x1Fe063d56c4a59409302bDdf5324df9dE0d25B65,1
0xc0BAdD00a37D94136e47B6ab8690501eE7523F78,1
0x0bf880C6a93A7fe662Febbf482d42eA740D897E3,1
0x4692C87c62C71fc9A2B58f39B99D1304f7f033B6,1
0xb5E28DE7FE51003CC8Aac574AE65793c657D6904,1
0x852120F39aa14fd3dcb575f17189C3Ae0e0E173b,1
0xF14a04d18cB5Ba0FE293f6157CD4593404C12ECe,1
0xF2c06f90FB58844C09220e01E3116A2293Df6960,1
0x15CDF4E02055C44231fd6D8dAfD487b192697421,1
0x1d31b6359a21eAE192816558Faae522D4E849130,1
0x6F3aC41265916DD06165b750D88AB93baF1a11F8,1
0xc1b5Bcbc94E6127aC3ee4054d0664E4f6aFe45d3,1
0xf39d98C71c4304f1DDCa3BB34c49fdfb2d429F79,1
0x231c4d82c3E24a8e55027EFCcD395E6B339828FD,1
0x8bC3332B8BfD8Fc73d23Ac34F386991Ea03c5398,1
0x4207Fb065cba079BC0A487accbdA282fD8446026,1
0x57E116836EE1C5745Ef9B57484D3d16a0b24CaBE,1
0xfb0FA5A67C64ccB769bbACbF360baBc468672d12,1
0x46cD90445349e64F895c403c23839e79eb4065e4,1
0xbe4f0cdf3834bD876813A1037137DcFAD79AcD99,1
0xfb4A5AE508Dc15E2E1172bAE69fB8ad18Cc81d73,1
0xFa4B3317810CA213CE47d2C882E3c0F89eA3b409,1
0xd1e89B9E932f6c4CaE6144B5E98ED5EA915E1d10,1
0x4f4C0446B8027745Cb3C3c4b240DF693BB0401d2,1
0xcaf94D7Aa8007436D83Ddfd8239ca6e69F6579A8,1
0x72B861deaF0AD196c781DbA9d38Cf7aDF4675ae0,1
0x042Cc77196183b8C3D08Dc2acB74C1a456B131a5,1
0x51Ca368F12a74950f90b1BCe4B00920f62aCBd1C,1
0xE2dD4d4599349Cd55E7fCc16c904Ddd9A70e5D9d,1
0x473668E5F99e0E0bFa66C2C979e9cd26761f2F62,1
0x32aF6b48574d5601C8f49a986b2eCD917dbEa06b,1
0x191458D229EAFe1E246e4c28d346fCb10AcB12A3,1
0x3112911479ea9d410b54A7c52f59651f3Ac6d11a,1
0x71b5845648810A261ce51f6E31067c02567C3a06,1
0xfEa04B2B2a3480658291199c7d14916151E3464d,1
0x2b6eF1b098799439A6274214b9aFc8ed05b33F58,1
0x988D1C4b5775AE61532562cCE30cA10CEFbebb09,1
0x75B9B236801B273003beb57F823b434AE49f1be8,1
0x368706b2F299635e63B513f93f329FAE8f366b48,1
0x084352a23E254147e49dE61174C36d1845fe74D0,1
0x5DacBDD20B9eAFAaA30BFAD3B2Af1793036D65f3,1
0x5E2ab3d24375ad07F93ad40fB78762A5Bf96C7b5,1
0x3c9180c926166A5ac8f8869B19Bc4eCA2c6EB027,1
0xDBf4Eef8AE5C1140a9C2DC5D8EA5B7264EF13F8f,1
0xEDF7b675a2fE3c27efb263fb4c204A3f0fb17D46,1
0x4FeB5e8b30b355653E27470Ef4a1F3D5cd355762,1
0x7D820a427A01C37050998732C389f5d77Df2aF8f,1
0x42Ca45B785d87b8375DFf176555C745b27D69DA5,1
0x16224283bE3f7C0245d9D259Ea82eaD7fcB8343d,1
0x61751BC401f4EABe10A238661B4A60ba84910059,1
0xc1f3eBe56FE3a32ADAC585e7379882cf0e5a6D87,1
0xD727774FFf706dA2C95a102E58677F1722Ad2AD8,1
0x74725834faFd09e55E8F5b2e6685f376b7D5Ccf1,1
0xb6d522041713497504c6D8fe855c6f9bE52d35B3,1
0xBa710688096D8daAc453746d2a6315a3533d82E9,1
0xffd91D21aada737a54902E5C09f4af5A8E52252D,1
0xC4EA745A21C7Cc9e6E7B2384996b6B312Db8c7c1,1
0xd3C51F11a7cc1d7cd17a4Bfe2D770899366e6504,1
0x283D1dC7F0C6E52ef5dDb27d39f1751901a0c8Bb,1
0x59B94039429754530807772D2995b6a6c1aB685f,1
0xa5D95aD29692ce66728f9a1F1454D0bDB84Ec73a,1
0x05066e4954D95529C45548fcD0d77fC213867C86,1
0x5f67ffa4b3f77DD16C9C34A1A82CaB8dAea03191,1
0x576F1E53afe5e99b2257258C7E3248d3a1822548,1
0x554b2770223d7CB3aa32B4454B7079b7eCA3c2ff,1
0x03C0C6d6DDB32bad230D9D1E2cd99d2f1d3C630c,1
0x4143F535c06d72A1B73a6AFF971D4f21Af435444,1
0xeD0087B28b00B92C5c7767B1dDaB3095762150CF,1
0x5c06181645941012fc42C3BA662f77c195eEF0e5,1
0x450EE356Ad372Cc77D3fC329A472326633232B30,1
0x0B84007933160f24A19590B64A4A47488C880017,1
0xAc1b80e06f970879BfB8f2b92B59442593f332b6,1
0x4477d68F69fEf46b888E7d04251690157dAF70c0,1
0xf27B173b8B24561f040e5Efd37b4ba28Fd465040,1
0x65D3113F809180b1E263F38B8404941A6A7F5299,1
0xca0126c447bAF369f96a763eDf125955bDEEc0FE,1
0x6fD1c5608027FC6759777a147594595411137FcF,1
0x17cA2674104cb60bC2a43b8413ae87c16DccBfd1,1
0x0aF613C254718d084c25F3EA8FaccEE5e664Bf24,1
0x91D5EE18c018F716f7155b77c3eF8026B52Be873,1
0x014FFCF34D8515535b99d6AEF654258c237168B6,1
0xDa4F259498bA798942Ad73B8a1481720426859B3,1
0x8fe7b143B2C67739e9C933DA0a48142b14c4415d,1
0xF032eF6D2Bc2dBAF66371cFEC4B1B49F4786A250,1
0xC0B374f27abcCD5f34e30bA437AdF10f084a66c4,1
0x22175631e8Bc4EED58C695C1c68c8Ca8d27aBb0e,1
0x7C9Caecf76D1d74F6621aE641C4f30488Ff27875,1
0x89688542873276Cd7d9Cea936b25F37778a593fd,1
0x8152EC513F5b7F0474a5E9c70e437afa02922019,1
0xBbAAF7095E5f4e74b11534532C5D43a3c364bAd4,1
0x28f1C7448530CaF2B4aFe482BF26FE3d76eBCED8,1
0x56de2EFf85E255641dA7cFc2f87Ce5fA0f28214F,1
0xDDa5d3633614ce4c92B021736cedA4b766Fd139B,1
0x2EceCf5a33d038694133BbF3A22AEAFBc96d4B04,1
0x81E886E84542846558aD409519BBAbF152Fd2c08,1
0x50D5E77a1019B3bccccFDb3E0A9E145Af43A9443,1
0x398118e249F7C2a36Ca1EBdB71212ec870465Cc9,1
0x838e016b8a386F030B86C3CE7E8ad98117E2DD51,1
0xd25891CfAF13C9Ca8a102709261Da2fFd0Fb0a1F,1
0x085843DBDe124AB8baBD558fea60534962628338,1
0xAE9B40792428E1c0B4F213Fc05e02e4C3F0CADA7,1
0x6dc88B231Cd04Dd1b1e525161162993F47140006,1
0xd71A353CEBe9c9b56A9c28402399a68cC47864C8,1
0xbDe902ef7DB798de8001a7589E59Af9e8d82B158,1
0x9aC41e441131d8BAD5f165c2a8dd71e5F7BfaEA8,1
0x0De9bF9d88a84E72414af2417482d922a6484835,1
0xB5F95843aC09834074b5BB2AA2790dD0b0a0FCDB,1
0x55FBde92A9A93DC95f18320CFf1E727be70F36ca,1
0xafCd37B317Cbd6D88B7919746ea3E64C5Ccb17df,1
0xF396923a852Cb675AA52604ECD6489385dA4b9Cf,1
0x2F6f4cc896F751270f39b41F5e54DC668A84f0F6,1
0x7e023390133398fEA29AB8Fa950C3D3e36939E08,1
0x77Fc54677F6Cd1C3A669b9c2Ff032836aF59c5b8,1
0x63C03b9553fB9Df69e79A9E1C1D75a8024Dd48Ac,1
0x99ab6902A203F5E9943cCf694d1843CC8C4424FE,1
0xDd5aBD54c9210055f526F5bc3ddBC2322B02f804,1
0xEdc63f732D61Df2556fD3aE84F911a84Ac64B4BA,1
0x5ef14774a42D51473aE8b55aD91Eb3C9824ac2F7,1
0x4FcFcE8c5dA399Fb11999625F207539af1f637F3,1
0x8Bf64312bE1d4E502dCC0533d5cadf0a4f8D551e,1
0x16033000754c7483B6b686371dFaCf00cbc12421,1
0xB506A2bAe5352Ba03040a323a73dBe3f9dC42BBF,1
0x3Ec6732676dB7996c1b34E64b0503F941025Cb63,1
0xB5BAfFb036576B46F45544174208FAa5b7dc1cfB,1
0xE72f5f91e693E36684270299B73575540141Dd2A,1
0xFe767cc71B60BA0165D948B0fce096ae050B9224,1
0x3499a461d06E08C799fe59F30557F0F989009D91,1
0x23Be060093Db74f38B1a3daF57AfDc1a23dB0077,1
0x8e31AC5303114f6d4f779a7e5eeA6EB7709308c2,1
0x37DBA16C4f2993228D4E1eA30524E4780ceD41a3,1
0x01AB07010c2F4bf5971537669Cc19d5D8Cf320A0,1
0x8a3fb9E2bA147BAd2BDD8fd8BD3a699E27cd2eB6,1
0x9c49A9D90A9827C98e786fD2909aDb46A02fAA4C,1
0xe88076C5A1cf3f0a1B018f53F9eC697692E44b92,1
0xfa50671B1e38945774F0A5224160B45c8b545f29,1
0x5AEaDFb02963a44FAea8B9974F5F09B831A41Ef5,1
0xfF504B0F481EecD15A5EdD1bfFbF4E491913F728,1
0x439547cA425Cf76846aC3D713e5c57E8a9Dc4Eef,1
0xFe68434E8Fb088Ba4CAF5472A6Da1aC16dcFdE11,1
0x00000003Cd3AA7E760877F03275621d2692f5841,1
0x4358076e8489308C94693dfdbF21A8db425a8b2c,1
0xf083f1D6363421d1cf2BDd6Db290f2f0b41cAeE9,1
0x24F9B3F2f64B6012477a226C559D7cb283F9af1D,1
0xf2f6225962E7B1098D10f8B421b0c31936c7dCD2,1
0x1e6D25889Ca68811cB834F7Cce9c21267c25570E,1
0x6eAba52965Fab0B404bebbDA594A2BA72Bdb6288,1
0x484C211aE86e22E4201CeFa8FC2fd9F343dAE192,1
0x0DB3af39d0ce8C9CFBD0A82B391acEb79EDF17B8,1
0xF7B18e107eb36797f4cE36dE756630B9C30969ad,1
0x4E609a968abeaaF866fde46a400847A9462F5931,1
0x96AE65b7a604E1528c1076eDf31825bC30F621cd,1
0x1dDe7b19fa3150a06e3307341E9b8cC5E95122D4,1
0x0EC23E907bbe7adE97C6e950e033a71feEd8b881,1
0xF8Ad2c3f153c1f9587643Ba3698A284D32F9CF6E,1
0x39f2FCFDd65573d4C1E6dc2d16c161D160e1E5E6,1
0x52dEF6C112BfFC66fC8C8258539d4d8C30c5000C,1
0x5FE7aA0A278FcC17700DE800544E6806e396Ffc4,1
0xe0b2A5594266585558d3A88cB3299e721524641E,1
0x5873d3875274753f6680a2256aCb02F2e42Be1A6,1
0x1B86a345C38850712A1730f5d0e3712249F07c09,1
0x85f1dd38ED67DD2134d0c0bb27B6628bf57eE705,1
0x17cF6Db98B05a0329c983f3a3b45d37d9cf1De86,1
0x1187d55F7B4dBDbE99557FB5Ce64087ee7350eE1,1
0x04Df8D02f912d34FEf12a1B0488ee56FD6f7416c,1
0xf68600d9e1365837163929Fd725732aC1C2a5b95,1
0xc8D598Fabf4D816A02c3802865c62E35c33e869e,1
0x7e6D8BCA8f505cd09822B0986290E895217C9D9D,1
0xb8c2C29ee19D8307cb7255e1Cd9CbDE883A267d5,1
0x0C343408fbEE92BC86A0ba2B53950e93260B4647,1
0xb69F4A58f63FBC19b1BBea06a3874Eb25417343c,1
0x1c59F8CBC9be8f3887C2e7da0084f32BCd7d072b,1
0x0AD6F0Bc2300d311bC51cee76899d1f737748cdF,1
0xbD50fD4FF0EE12d4634d6504e054d35FAFa3BDc1,1
0x9b3D56Aa1a52a0A39F2494573CCfE059Fbe97F2a,1
0xEFd9ba2E337c7046297284f4a9358a2AEE5990bd,1
0x900d60684B0ba29D8c209CaFa4FB9A202De8e0ac,1
0xD76040b01fa18843F8983Dbb1B40d3a64b5B771A,1
0x86a1d85Aa48343527D659A5682102D585a4B6fef,1
0xF5535D4B271edC5E35dADC460385FE44F286Ab8e,1
0xe510647Fb531e156005c621149fe5FE3D49C18E8,1
0x6Bc6970964cb57c7BaBd442De8ff68Db3C8Cdde5,1
0x0CF7DcDdF516759975fb6AcA0Fb70db1Dfa2e165,1
0x25A71eF5E8d18Fd3225bE6ae1C1e20B602071d61,1
0x0001BB2a72173F3a1aaAE96BD0Ddb1f8BE4f91B7,1
0x83195709C4DDA9DaC7d343B378c9CC17Bb6344f9,1
0x97372Df2013F6Dab65d4cE37574f8407e71ecD34,1
0xBceB681BD62cE50fB095Fd8Dff754A0112AFb5Ad,1
0x0921a087A7A976065aE6F7EbE0a5b7a9F0A55a37,1
0x12c307DC92B9e3Fb0895825264726C60e757BE57,1
0xeaa40F6B29CE35d8F53f6bF9b2A7397E3D8475Af,1
0xBcC6eC48899a0737A168dcd996C2E67b020fB8Ca,1
0x00000AEB691b7F32532F2FBa66076af1C499A171,1
0x3bb0FE1d19E1f10A457Cd3D26Cd0dB78DFdd677E,1
0x090E1Fdc0CB866317751F0621884a203a8d797aa,1
0x9623A7dfb605f693C9725278cF78bd2F53F0D407,1
0x00A1B46319BE9163B8AE30DBE506235608a563DC,1
0x60C728d2A606d9Fa24E9Df0739a9E8b27582EC60,1
0xA3aa6e119a42b5f608775360984D3721F12E3f2C,1
0xf9ADbDE83b98EB0591a6A5b1dD3dE4EcE5E56D52,1
0x4f3a36C91c392781536348C03DFB8F6e265c277D,1
0x621f2A5ef987e064E76da1EB378e7193CeFC0baA,1
0x4D488285ba529da21c3f103Cbe52a73D1D3838a6,1
0xa5d981BC0Bc57500ffEDb2674c597F14a3Cb68c1,1
0x4CB571Bc36c18dc3d5503DA8838D6213D8FD0975,1
0x8B3d2B7F0E3Cd658eDD468b13dB59090C66B421D,1
0x25D7472c234111bEBB50B8A987B6316629FC6bf6,1
0xbD9c944DCFB31Cd24c81EBF1C974d950f44E42B8,1
0x0D2bF8e3D505Ac813F10316803a9Db1fEd3F71cC,1
0x2853F7664766b5E8d1bc2974d5FDCbf683B6D2E5,1
0x67D21ebD269d61Ef8cD9F0f3698869b3d818a4B5,1
0xe4Eea6c04362A442890D1dae8E57A60ECe8126dd,1
0x433dd960B6cb69D04906AE91b6B2A86175cEA609,1
0xde99C186f223949dF2126A86C90ee41D9B6bdA36,1
0x37aA566d8D88B3D4379309681E2dc0Ac1b453ecf,1
0xADEEb9d09B8Bcee10943198FB6F6a4229bAB3675,1
0x4b6910654F598814606CD9B9e59c515B54168620,1
0x9b9667700DAA8712f2dA2F1B6e890a8Bf2790C41,1
0x6805e260dB96cB44AE9154A541E60525cddcBE98,1
0x5365b4472a6E5D8eA296E38f4117b5BFFA61a525,1
0x43BefC4D62bB6Cf213A2E9E0236211266Fd15d66,1
0x240Cf70D8A648BE133fEB342D71E5e81C686e5f8,1
0xEe21f2c2AEc4Bb03a0D5C45873E851Fe9fcb51d0,1
0x5Bff2311d2ec1818841Fb6626025FFe40e6f3cD1,1
0x271adFa12DE6894EA3f38e1148Aa07d0f21fb9A8,1
0xDFedDc98ae6eDcb5F63178A8589f41B6477F6C42,1
0x841DD9A19e9894849C27580A68CDC8886B8D07A5,1
0xFC199e896bB4A153046Bacb8B3C3170079190705,1
0x2CAf97331ffA906B8080165996FE57c6d5EAc986,1
0xF542cc19DB89BBc0Ab8F856492C69b38575a2807,1
0x5eC5e26D5304EF62310b5bC46A150d15E144e122,1
0x077fCe25226519991894821B2ec60a4BC26CE610,1
0x543D74cf340458b1F2a848b052b0db4698F95584,1
0x5825847ef116F3811F565882bcf9B04C5C09E5f6,1
0x8Cbf7A00DE4327f173C2a83Ff8A6ff63dDaDbcF2,1
0x782bFAB7fCD773080cF93bCca27268f95e064277,1
0xDbccEA4c4FbE723aCA82FD4Bd605d80617F53D68,1
0x33C885AEccBde0Ad709638760324F6DEccC8A894,1
0x8Fac841807E21807F511dAf3C04a34cd78661F4c,1
0x2c45150Ae4d926D1E17D00D49c26525B44e41186,1
0x7f848122152AaA1CfA50eB0E3f97c1aF6cb74E99,1
0x5E52AB2D84Ee8144A18552a453d7B9c2D3c8c36D,1
0xcb8aDF742FD717B57f5da3b2f74fC249E5ECC53a,1
0x606f73Acca2A45E1514690ed03540eDA217277eA,1
0x2f4Ce1Ebafd8e32C7F012d149078B5eDa1Bb4476,1
0x3961B39418d88A1CE6e249b60E0Ba168A4C41eeD,1
0x929774478e0aB60e00a67Cce4910d49dD5B4600f,1
0x716759e8ab31CdB4bca2f693A979b23e6020d4Bb,1
0xc5EB2e0556F9C3adFE2B9Eb784E7F5f3930A8F9c,1
0x1D9567009bD44B791F0b66474BBbEE1F44e35578,1
0xcf0f6c8757F89c3B68179690A25E7dAEa05206BA,1
0x2EDF1B3374234D8bf7e95a01c95B47121B75e17f,1
0xb46Ac18F8Fc29C552450E1Ba67272e8Dfc828FD1,1
0xFeB620b14A9C3683CEcB9097802AF9c32e51C701,1
0xe0B2ADd5C2d094008d014369ab6bc5c42cF3ACAd,1
0xEa8CDB581e5F46491F03e25fe36b095df5Bc1117,1
0x8e2F7D5aAAE5ABbD5052aCb74019b9b11cb74349,1
0x741902764dc3af99F522a9f089b610bFf4267b00,1
0xFe5E2E83e966865d61bAcd8dFc10aC73Db222640,1
0x9a8E8fE802802965b7B149502BCE085b46e75111,1
0xA05A2E51beB7FDe2c8CDdd4750926fA6Ca02b769,1
0x41142092A516f3163F248A7F9A87087047900c6f,1
0xD01Ef9987Ae23c1E3E4c8F31ca979b572B28BA5A,1
0x854F1269b659A727a2268AB86FF77CFB30BfB358,1
0xc99F3B968B7a8C88414c266C4Bd199bb1C7eb86c,1
0xb42573ddb86b68429C8f791ED0F2B79d2ca95588,1
0x79aCBF17da6520D923673a285955BBBC468dD609,1
0xA5FE8f281DA9c360Ee81D1e75208EDEb26d9e5ab,1
0x9F5141e8715c6691E75188BDA726Df54c14721e4,1
0x74Ea811A58916e6dA0461612F5d74bDd48F60E2F,1
0x99DF92e1dbF7624F1Fe70fC1d218E0eFfA7bCC63,1
0x78B3Ec25D285F7a9EcA8Da8eb6b20Be4d5D70E84,1
0x4007CE2083c7F3E18097aeB3A39bb8eC149a341d,1
0xD9b49a81ee72aF3C026a2C144C9Ffd678A78C8b1,1
0xcc123b0DC18e4dC147A9cA83Ce0F59ebb54aC983,1
0xbd17e0C2D7Ab5CC7c3aEb00219C9213863e44084,1
0xcEAcC735C67217101ABD0FFB46661C42deC366a8,1
0xCb1E63be3e892126eED1345831720759435c9066,1
0xAB6146be577A5b63f4Ec5b75506E974417cBCA22,1
0x7277F7849966426d345D8F6B9AFD1d3d89183083,1
0x10cCD4136471c7c266a9Fc4569622989Fb4caB99,1
0x1dDe8492F3BeF456C49D718B413491fdB7fd7214,1
0x8FAaec0b32B6dD0DD608aC0a906eb11CA9f34d6f,1
0x1399a4E68D94918025096FCAFa1e36059FB10F1e,1
0x2dB6AaF4518Ad553b45f962fC7476d3B26B6b9b5,1
0xb3f8dae49c7F0e94D434DB6088683c12D31A621F,1
0x130a000F2C3c5F4eb9709fF055E3Dd9e6c0Cc129,1
0x8b187EA19C93091a4D6B426b71871648182b5Fac,1
0xBf2d5699dE5e15186C26d2A4e2239a5102099b90,1
0xd0f7F7a8aA1314F4bf24646cA7a11586e1eC80E1,1
0x795f7c269f67235aaF5a6F6d454d4fBd7c13a8B0,1
0x6C0aff3a716292F37c79bc726964941f1D8eE819,1
0xCd0bD0326819a209beD9741900D3b7f7bD01a016,1
0x6827497B4336E5BD41ABD5572E47426d5BB392ad,1
0x91212de083d29342F670FB69Ffa68176369e3B20,1
0xcc5055F08B8f832d77C4124fA2451e6Da6f0DbA6,1
0x62C4C4B556D27e270cbeeeD780D7a7866ad315aa,1
0xD452d16cebD4242d66a23F2f6F9a784A1A2c42d7,1
0x7e7F6B58Cc894C3A65b301944FfF1e2146c5C7Ae,1
0x3fEbdcCE9097a20132a39AD945C941b7BB445F19,1
0x066b00f790347e3B3f1fB685F56e4DB33d1ba21C,1
0x4deA836ba883f87A4FA941584E73928f3de8ee69,1
0xF9Ae06309Ca551cdb2fB72831Efa2D4fE67Cec87,1
0x45c5a552576F3c75f3789dFfC2bbA0276e7721e1,1
0xf47E84d32eeb574d7f4C2e99ce132A927268243e,1
0x10F1f29ca37BF2725910645f9205a88507aC52fc,1
0x91D1DB2bC8FD8F6Bed72B160AeddB22019560223,1
0x795fE6F884eB7599abfa814aea3Cb8d0B3CC47c2,1
0xf8BCAC0a21FD4F480068A248057072Dc16d1886F,1
0x65A6a51CAb9A23d0937416b23692327Ef7CF7934,1
0x7e87D10e42ED13268bDA15C8056Df91339767B4d,1
0x95CEBf9eb34c37334c3b882130d64d82F3428c99,1
0xb8Ae86B8302f9150Ad5CFEd829168D2465544ccF,1
0xCb45B819E881fA7a5946B6b8f92A5576faa5a3Bb,1
0x273BA31C706b9D9FdAe1FD999183Bfa865895bE9,1
0xb778E5F70b2315C1682B27F322C749c8333eB254,1
0x2f5F2223BA5756EB5403D05fD0b9DF9fFFed253f,1
0xFF301F3b4a51a1948aE021C77379D5dd56f1377D,1
0x812CB6a4dfaAb6D3b28126bB1137A97dC4564d36,1
0x6CEA24fC1E3785252e280Cd8245351fB2D86E308,1
0xEe32d08E674dBC7ED9547f02E39DA62a4689e7B5,1
0x8a50CA7777fdc9114722e14bF50A7e0a8cBd7b38,1
0x9B03fC27d61d22399A0CA5f011Be7e0CC869b630,1
0x8175732F812aF3aff7cF5f73dFcF947c9EeF279C,1
0x1CAADed48bC6a8BC81A3668cd6C1796B80bC0Bdc,1
0x4909CaE17FD925DbF1E109f219417f1bC86f02DE,1